port,metric,year,actual,forecast,method,error,absolute_error,absolute_percentage_error,train_last_year,train_years,naive_forecast,naive_error,inner_holdouts,selection_reason,uncertainty_low,uncertainty_high,envelope_hit
Conley,TEU,2020,283061.0,307331.0,last_year,24270.0,24270.0,8.57412359880026,2019,4,307331.0,24270.0,1,Keep last-year baseline: only 1 inner holdout(s); at least 3 required to promote a challenger.,,,
Conley,TEU,2021,247845.0,283061.0,last_year,35216.0,35216.0,14.208880550343965,2020,5,283061.0,35216.0,2,Keep last-year baseline: only 2 inner holdout(s); at least 3 required to promote a challenger.,258791.0,307331.0,False
Conley,TEU,2022,139959.0,247845.0,last_year,107886.0,107886.0,77.08400317235763,2021,6,247845.0,107886.0,3,Keep last-year baseline: no challenger has lower earlier inner-holdout MAE.,212629.0,283061.0,False
Conley,TEU,2023,220810.0,139959.0,last_year,-80851.0,80851.0,36.615642407499664,2022,7,139959.0,-80851.0,4,Keep last-year baseline: no challenger has lower earlier inner-holdout MAE.,32073.0,247845.0,True
Conley,TEU,2024,258620.0,220810.0,last_year,-37810.0,37810.0,14.61990565308174,2023,8,220810.0,-37810.0,5,Keep last-year baseline: best average challenger did not beat it in both latest inner holdouts.,112924.0,328696.0,True
Conley,TEU,2025,247405.0,258620.0,last_year,11215.0,11215.0,4.533053091085467,2024,9,258620.0,11215.0,6,Keep last-year baseline: best average challenger did not beat it in both latest inner holdouts.,150734.0,366506.0,True
Conley,boxes,2020,161171.0,174849.0,last_year,13678.0,13678.0,8.48663841509949,2019,4,174849.0,13678.0,1,Keep last-year baseline: only 1 inner holdout(s); at least 3 required to promote a challenger.,,,
Conley,boxes,2021,140750.0,161171.0,last_year,20421.0,20421.0,14.508703374777975,2020,5,161171.0,20421.0,2,Keep last-year baseline: only 2 inner holdout(s); at least 3 required to promote a challenger.,147493.0,174849.0,False
Conley,boxes,2022,79095.0,140750.0,last_year,61655.0,61655.0,77.95056577533346,2021,6,140750.0,61655.0,3,Keep last-year baseline: no challenger has lower earlier inner-holdout MAE.,120329.0,161171.0,False
Conley,boxes,2023,123460.0,79095.0,last_year,-44365.0,44365.0,35.934715697391866,2022,7,79095.0,-44365.0,4,Keep last-year baseline: no challenger has lower earlier inner-holdout MAE.,17440.0,140750.0,True
Conley,boxes,2024,145117.0,123460.0,last_year,-21657.0,21657.0,14.923820089996347,2023,8,123460.0,-21657.0,5,Keep last-year baseline: best average challenger did not beat it in both latest inner holdouts.,61805.0,185115.0,True
Conley,boxes,2025,137632.0,145117.0,last_year,7485.0,7485.0,5.438415484770983,2024,9,145117.0,7485.0,6,Keep last-year baseline: best average challenger did not beat it in both latest inner holdouts.,83462.0,206772.0,True
Guam,boxes,2024,85258.0,85627.0,last_year,369.0,369.0,0.432803959745713,2023,4,85627.0,369.0,1,Keep last-year baseline: only 1 inner holdout(s); at least 3 required to promote a challenger.,,,
Guam,boxes,2025,83574.0,85258.0,last_year,1684.0,1684.0,2.0149807356354845,2024,5,85258.0,1684.0,2,Keep last-year baseline: only 2 inner holdout(s); at least 3 required to promote a challenger.,84889.0,85627.0,False
