port,metric,method,holdouts,mae,rmse,mean_error,wape_percent,next_forecast,method_note,comparison_note
Conley,TEU,last_year,6,49541.333333333336,59945.59349665884,9987.666666666666,21.266938541890248,247405.0,Last observed annual value (naive benchmark).,Fixed methods and guarded policy are scored on identical outer fiscal years. Retrospective benchmark rankings do not select the production method.
Conley,TEU,mean3,6,47268.277777777774,65937.46096660243,14468.388888888885,20.29116882497436,242278.33333333334,Mean of the last three annual observations.,Fixed methods and guarded policy are scored on identical outer fiscal years. Retrospective benchmark rankings do not select the production method.
Conley,TEU,damped_trend,6,56931.041666666664,66956.23086861483,6382.908333333333,24.439167918723616,253294.05,Custom conservative trend: last value plus half the ordinary-least-squares slope over at most five annual observations; clipped at zero. This is not fitted Holt damped exponential smoothing.,Fixed methods and guarded policy are scored on identical outer fiscal years. Retrospective benchmark rankings do not select the production method.
Conley,boxes,last_year,6,28210.166666666668,33908.573274321054,6202.833333333333,21.500968592206803,137632.0,Last observed annual value (naive benchmark).,Fixed methods and guarded policy are scored on identical outer fiscal years. Retrospective benchmark rankings do not select the production method.
Conley,boxes,mean3,6,26904.72222222222,37467.717474637546,9208.722222222224,20.50599680311643,135403.0,Mean of the last three annual observations.,Fixed methods and guarded policy are scored on identical outer fiscal years. Retrospective benchmark rankings do not select the production method.
Conley,boxes,damped_trend,6,32468.824999999997,37907.00270787158,4077.774999999999,24.746794118581093,140621.3,Custom conservative trend: last value plus half the ordinary-least-squares slope over at most five annual observations; clipped at zero. This is not fitted Holt damped exponential smoothing.,Fixed methods and guarded policy are scored on identical outer fiscal years. Retrospective benchmark rankings do not select the production method.
Guam,boxes,last_year,2,1026.5,1219.0194830272403,1026.5,1.216001705837756,83574.0,Last observed annual value (naive benchmark).,Fixed methods and guarded policy are scored on identical outer fiscal years. Retrospective benchmark rankings do not select the production method.
Guam,boxes,mean3,2,2485.6666666666715,2553.8078975870135,2485.6666666666715,2.9445444781400107,84819.66666666667,Mean of the last three annual observations.,Fixed methods and guarded policy are scored on identical outer fiscal years. Retrospective benchmark rankings do not select the production method.
Guam,boxes,damped_trend,2,1095.824999999997,1222.2377781143857,1095.824999999997,1.298124763078086,83062.3,Custom conservative trend: last value plus half the ordinary-least-squares slope over at most five annual observations; clipped at zero. This is not fitted Holt damped exponential smoothing.,Fixed methods and guarded policy are scored on identical outer fiscal years. Retrospective benchmark rankings do not select the production method.
