port,vessel_id,arrival_hour,import_boxes,export_boxes,length_m,draft_m,box40_share,evidence_type,evidence_reference,note
Guam,G-DEMO-001,0.0,401,167,145,8.5,0.5,synthetic,DEMO-SEED-42,Illustrative operational trace. 40ft share is a sensitivity assumption.
Guam,G-DEMO-002,9.49,337,207,145,7.0,0.5,synthetic,DEMO-SEED-42,Illustrative operational trace. 40ft share is a sensitivity assumption.
Guam,G-DEMO-003,19.671,324,161,145,8.0,0.5,synthetic,DEMO-SEED-42,Illustrative operational trace. 40ft share is a sensitivity assumption.
Guam,G-DEMO-004,29.136,397,161,165,9.0,0.5,synthetic,DEMO-SEED-42,Illustrative operational trace. 40ft share is a sensitivity assumption.
Guam,G-DEMO-005,38.577,395,177,145,8.0,0.5,synthetic,DEMO-SEED-42,Illustrative operational trace. 40ft share is a sensitivity assumption.
Guam,G-DEMO-006,48.973,363,177,165,8.0,0.5,synthetic,DEMO-SEED-42,Illustrative operational trace. 40ft share is a sensitivity assumption.
Guam,G-DEMO-007,59.888,363,166,145,9.0,0.5,synthetic,DEMO-SEED-42,Illustrative operational trace. 40ft share is a sensitivity assumption.
Guam,G-DEMO-008,69.081,364,198,190,7.0,0.5,synthetic,DEMO-SEED-42,Illustrative operational trace. 40ft share is a sensitivity assumption.
Guam,G-DEMO-009,79.541,388,167,210,7.0,0.5,synthetic,DEMO-SEED-42,Illustrative operational trace. 40ft share is a sensitivity assumption.
Guam,G-DEMO-010,89.645,400,199,190,8.0,0.5,synthetic,DEMO-SEED-42,Illustrative operational trace. 40ft share is a sensitivity assumption.
Guam,G-DEMO-011,100.054,325,202,165,8.5,0.5,synthetic,DEMO-SEED-42,Illustrative operational trace. 40ft share is a sensitivity assumption.
Guam,G-DEMO-012,111.024,349,215,145,9.0,0.5,synthetic,DEMO-SEED-42,Illustrative operational trace. 40ft share is a sensitivity assumption.
Guam,G-DEMO-013,120.58,401,213,190,8.0,0.5,synthetic,DEMO-SEED-42,Illustrative operational trace. 40ft share is a sensitivity assumption.
Guam,G-DEMO-014,130.321,346,202,190,7.0,0.5,synthetic,DEMO-SEED-42,Illustrative operational trace. 40ft share is a sensitivity assumption.
Guam,G-DEMO-015,140.539,341,194,165,8.0,0.5,synthetic,DEMO-SEED-42,Illustrative operational trace. 40ft share is a sensitivity assumption.
Guam,G-DEMO-016,150.463,354,219,165,8.5,0.5,synthetic,DEMO-SEED-42,Illustrative operational trace. 40ft share is a sensitivity assumption.
Guam,G-DEMO-017,161.149,327,174,145,8.5,0.5,synthetic,DEMO-SEED-42,Illustrative operational trace. 40ft share is a sensitivity assumption.
Guam,G-DEMO-018,170.951,328,173,190,8.0,0.5,synthetic,DEMO-SEED-42,Illustrative operational trace. 40ft share is a sensitivity assumption.
Guam,G-DEMO-019,181.262,370,216,210,8.0,0.5,synthetic,DEMO-SEED-42,Illustrative operational trace. 40ft share is a sensitivity assumption.
Guam,G-DEMO-020,190.792,351,207,190,9.0,0.5,synthetic,DEMO-SEED-42,Illustrative operational trace. 40ft share is a sensitivity assumption.
Guam,G-DEMO-021,201.588,371,183,165,8.0,0.5,synthetic,DEMO-SEED-42,Illustrative operational trace. 40ft share is a sensitivity assumption.
Guam,G-DEMO-022,211.607,331,208,145,7.0,0.5,synthetic,DEMO-SEED-42,Illustrative operational trace. 40ft share is a sensitivity assumption.
Guam,G-DEMO-023,220.912,340,210,210,7.0,0.5,synthetic,DEMO-SEED-42,Illustrative operational trace. 40ft share is a sensitivity assumption.
Guam,G-DEMO-024,230.682,396,189,190,7.0,0.5,synthetic,DEMO-SEED-42,Illustrative operational trace. 40ft share is a sensitivity assumption.
Conley,C-DEMO-001,0.0,334,203,190,8.5,0.5,synthetic,DEMO-SEED-42,Illustrative operational trace. 40ft share is a sensitivity assumption.
Conley,C-DEMO-002,9.223,375,170,210,7.0,0.5,synthetic,DEMO-SEED-42,Illustrative operational trace. 40ft share is a sensitivity assumption.
Conley,C-DEMO-003,20.131,353,192,165,7.0,0.5,synthetic,DEMO-SEED-42,Illustrative operational trace. 40ft share is a sensitivity assumption.
Conley,C-DEMO-004,30.872,358,213,165,8.0,0.5,synthetic,DEMO-SEED-42,Illustrative operational trace. 40ft share is a sensitivity assumption.
Conley,C-DEMO-005,40.62,340,194,145,8.5,0.5,synthetic,DEMO-SEED-42,Illustrative operational trace. 40ft share is a sensitivity assumption.
Conley,C-DEMO-006,50.597,334,219,190,8.5,0.5,synthetic,DEMO-SEED-42,Illustrative operational trace. 40ft share is a sensitivity assumption.
Conley,C-DEMO-007,60.076,350,216,145,7.0,0.5,synthetic,DEMO-SEED-42,Illustrative operational trace. 40ft share is a sensitivity assumption.
Conley,C-DEMO-008,70.54,328,208,165,8.0,0.5,synthetic,DEMO-SEED-42,Illustrative operational trace. 40ft share is a sensitivity assumption.
Conley,C-DEMO-009,80.859,390,170,190,9.0,0.5,synthetic,DEMO-SEED-42,Illustrative operational trace. 40ft share is a sensitivity assumption.
Conley,C-DEMO-010,91.788,389,208,165,8.5,0.5,synthetic,DEMO-SEED-42,Illustrative operational trace. 40ft share is a sensitivity assumption.
Conley,C-DEMO-011,101.586,405,201,190,9.0,0.5,synthetic,DEMO-SEED-42,Illustrative operational trace. 40ft share is a sensitivity assumption.
Conley,C-DEMO-012,112.385,377,167,165,8.0,0.5,synthetic,DEMO-SEED-42,Illustrative operational trace. 40ft share is a sensitivity assumption.
Conley,C-DEMO-013,121.513,322,197,165,8.0,0.5,synthetic,DEMO-SEED-42,Illustrative operational trace. 40ft share is a sensitivity assumption.
Conley,C-DEMO-014,130.527,410,200,145,8.0,0.5,synthetic,DEMO-SEED-42,Illustrative operational trace. 40ft share is a sensitivity assumption.
Conley,C-DEMO-015,139.662,324,215,190,7.0,0.5,synthetic,DEMO-SEED-42,Illustrative operational trace. 40ft share is a sensitivity assumption.
Conley,C-DEMO-016,149.691,355,202,210,8.0,0.5,synthetic,DEMO-SEED-42,Illustrative operational trace. 40ft share is a sensitivity assumption.
Conley,C-DEMO-017,159.769,393,196,210,8.0,0.5,synthetic,DEMO-SEED-42,Illustrative operational trace. 40ft share is a sensitivity assumption.
Conley,C-DEMO-018,170.338,372,172,145,7.0,0.5,synthetic,DEMO-SEED-42,Illustrative operational trace. 40ft share is a sensitivity assumption.
Conley,C-DEMO-019,180.656,365,187,210,9.0,0.5,synthetic,DEMO-SEED-42,Illustrative operational trace. 40ft share is a sensitivity assumption.
Conley,C-DEMO-020,191.384,326,203,145,7.0,0.5,synthetic,DEMO-SEED-42,Illustrative operational trace. 40ft share is a sensitivity assumption.
Conley,C-DEMO-021,201.189,363,211,145,8.0,0.5,synthetic,DEMO-SEED-42,Illustrative operational trace. 40ft share is a sensitivity assumption.
Conley,C-DEMO-022,210.572,388,188,165,9.0,0.5,synthetic,DEMO-SEED-42,Illustrative operational trace. 40ft share is a sensitivity assumption.
Conley,C-DEMO-023,219.939,379,175,145,9.0,0.5,synthetic,DEMO-SEED-42,Illustrative operational trace. 40ft share is a sensitivity assumption.
Conley,C-DEMO-024,230.555,390,166,145,7.0,0.5,synthetic,DEMO-SEED-42,Illustrative operational trace. 40ft share is a sensitivity assumption.
